Ref,Val,Package,PosX,PosY,Rot,Side
"C1","100nF","C_Disc_D5.0mm_W2.5mm_P2.50mm",155.100000,-141.000000,90.000000,top
"C2","100nF","C_Disc_D5.0mm_W2.5mm_P2.50mm",160.300000,-141.000000,90.000000,top
"J2","BH170 (0x23)","PinSocket_1x05_P2.54mm_Vertical",194.600000,-131.825000,0.000000,top
"J3","mmWave","PinSocket_1x06_P2.54mm_Vertical",177.025000,-93.075000,0.000000,top
"J4","mmWave2","PinSocket_1x06_P2.54mm_Vertical",153.100000,-85.936250,90.000000,top
"R1","4K7","R_Axial_DIN0207_L6.3mm_D2.5mm_P10.16mm_Horizontal",186.500000,-128.080000,90.000000,top
"R2","4K7","R_Axial_DIN0207_L6.3mm_D2.5mm_P10.16mm_Horizontal",182.900000,-128.080000,90.000000,top
"R3","10K","R_Axial_DIN0207_L6.3mm_D2.5mm_P10.16mm_Horizontal",168.700000,-123.320000,-90.000000,top
"R4","15K","R_Axial_DIN0207_L6.3mm_D2.5mm_P10.16mm_Horizontal",182.600000,-113.380000,90.000000,top
"U1","EKMC1603111","EKMB1193111",190.612498,-99.826485,-90.000000,top
"U2","BME280","Bosch_LGA-8_2.5x2.5mm_P0.65mm_ClockwisePinNumbering",191.688173,-119.400000,-90.000000,top
"U3","BME680","Bosch_LGA-8_3x3mm_P0.8mm_ClockwisePinNumbering",191.688173,-124.400000,-90.000000,top
"U4","WEMOS C3/D1 Mini","WEMOS_D1_mini_light",150.240000,-123.320000,0.000000,top
